<configuration>

    <appender name="STDOUT_COMMON" class="ch.qos.logback.core.ConsoleAppender">
        <encoder>
            <pattern>%d{yyyy-MM-dd HH:mm:ss} [%thread] %-5level %logger{35} - %msg%n</pattern>
        </encoder>
    </appender>

    <appender name="STDOUT_NECTAR" class="ch.qos.logback.core.ConsoleAppender">
        <encoder>
            <pattern>%d{yyyy-MM-dd HH:mm:ss} [%thread] %-5level %logger{35} - recordId: %X{testCaseRecordId} - %msg%n
            </pattern>
        </encoder>
        <!-- Filters to exclusively allow DEBUG and ERROR levels -->
        <filter class="ch.qos.logback.classic.filter.LevelFilter">
            <level>DEBUG</level>
            <onMatch>ACCEPT</onMatch>
            <onMismatch>DENY</onMismatch>
        </filter>
        <filter class="ch.qos.logback.classic.filter.LevelFilter">
            <level>ERROR</level>
            <onMatch>ACCEPT</onMatch>
            <onMismatch>NEUTRAL</onMismatch>
        </filter>
    </appender>

    <logger name="com.dwp.tamiddlewarejava.nectarconnector.service" level="DEBUG" additivity="false">
        <appender-ref ref="STDOUT_NECTAR"/>
    </logger>

    <logger name="com.dwp.tamiddlewarejava.nectarconnector" level="INFO" additivity="false">
        <appender-ref ref="STDOUT_COMMON"/>
    </logger>

    <root level="INFO">
        <appender-ref ref="STDOUT_COMMON"/>
    </root>

</configuration>