<configuration>

    <appender name="STDOUT_COMMON" class="ch.qos.logback.core.ConsoleAppender">
        <encoder>
            <pattern>%d{yyyy-MM-dd HH:mm:ss} [%thread] %-5level %logger{35} - %msg%n</pattern>
        </encoder>
    </appender>

    <appender name="STDOUT_AUDIT" class="ch.qos.logback.core.ConsoleAppender">
        <encoder>
            <pattern>%d{yyyy-MM-dd HH:mm:ss} [%thread] %-5level %logger{35} - Logged In User: %X{loggedInUser} -
                %msg%n
            </pattern>
        </encoder>
    </appender>

    <logger name="com.dwp.tamiddlewarejava.apiconnector.service.audit.ActionTrackingService" level="DEBUG"
            additivity="false">
        <appender-ref ref="STDOUT_AUDIT"/>
    </logger>

    <root level="INFO">
        <appender-ref ref="STDOUT_COMMON"/>
    </root>
</configuration>