{
  "properties": [
    {
      "name": "postgres.host",
      "type": "java.lang.String",
      "description": "A description for 'postgres.host'"
    },
    {
      "name": "host.encryptionkey",
      "type": "java.lang.String",
      "description": "A description for 'host.encryptionkey'"
    },
    {
      "name": "zephyr.url",
      "type": "java.lang.String",
      "description": "A description for 'zephyr.url'"
    },
    {
      "name": "zephyr.password",
      "type": "java.lang.String",
      "description": "A description for 'zephyr.password'"
    },
    {
      "name": "zephyr.username",
      "type": "java.lang.String",
      "description": "A description for 'zephyr.username'"
    },
    {
      "name": "postgres.database",
      "type": "java.lang.String",
      "description": "A description for 'postgres.database'"
    }
  ]
}