{
  "properties": [
    {
      "name": "nectar.url",
      "type": "java.lang.String",
      "description": "A description for 'nectar.url'"
    },
    {
      "name": "host.encryptionkey",
      "type": "java.lang.String",
      "description": "A description for 'host.encryptionkey'"
    },
    {
      "name": "postgres.host",
      "type": "java.lang.String",
      "description": "A description for 'postgres.host'"
    },
    {
      "name": "nectar.retry",
      "type": "java.lang.Boolean",
      "description": "A boolean for 'nectar.retry'"
    },
    {
      "name": "postgres.database",
      "type": "java.lang.String",
      "description": "A description for 'postgres.database'"
    }
  ]
}